[{
  "_id": {
    "$oid": "6881aa39531eb5754c0e4a81"
  },
  "{   \"_id\": \"ObjectId\",   \"eventId\": \"eventId123\",   \"totalBudget\": 100000,   \"categoryAllocations\": {     \"catering\": 30000,     \"venue\": 20000,     \"marketing\": 15000,     \"gifts\": 5000   } }": ""
},
{
  "_id": {
    "$oid": "6881f1f85eda45f0a4ecb3c4"
  },
  "eventId": "eventId123",
  "totalBudget": 100000,
  "categoryAllocations": {
    "catering": 30000,
    "venue": 20000,
    "marketing": 15000,
    "gifts": 5000
  }
},
{
  "_id": {
    "$oid": "6881fe6a5eda45f0a4ecb429"
  },
  "eventId": "event202",
  "totalBudget": 95000,
  "categoryAllocations": {
    "catering": 30000,
    "venue": 25000,
    "marketing": 20000,
    "security": 5000
  }
},
{
  "_id": {
    "$oid": "6881fe765eda45f0a4ecb42b"
  },
  "eventId": "event203",
  "totalBudget": 80000,
  "categoryAllocations": {
    "venue": 30000,
    "entertainment": 20000,
    "decor": 15000,
    "misc": 5000
  }
},
{
  "_id": {
    "$oid": "6881fe815eda45f0a4ecb42d"
  },
  "eventId": "event204",
  "totalBudget": 110000,
  "categoryAllocations": {
    "venue": 40000,
    "catering": 35000,
    "AV": 20000,
    "gifts": 15000
  }
},
{
  "_id": {
    "$oid": "6881fe985eda45f0a4ecb431"
  },
  "eventId": "event206",
  "totalBudget": 125000,
  "categoryAllocations": {
    "venue": 40000,
    "catering": 35000,
    "decoration": 30000,
    "entertainment": 15000,
    "misc": 10000
  }
},
{
  "_id": {
    "$oid": "6881feba5eda45f0a4ecb437"
  },
  "eventId": "event209",
  "totalBudget": 105000,
  "categoryAllocations": {
    "entertainment": 40000,
    "decor": 25000,
    "AV": 20000,
    "logistics": 20000
  }
},
{
  "_id": {
    "$oid": "6881fecc5eda45f0a4ecb439"
  },
  "eventId": "event210",
  "totalBudget": 87000,
  "categoryAllocations": {
    "venue": 30000,
    "catering": 22000,
    "marketing": 20000,
    "decor": 15000
  }
},
{
  "_id": {
    "$oid": "68820a237410dbf56430c43a"
  },
  "eventId": "event211",
  "totalBudget": 95000,
  "categoryAllocations": {
    "venue": 35000,
    "catering": 25000,
    "decoration": 20000,
    "entertainment": 10000,
    "misc": 5000
  }
},
{
  "_id": {
    "$oid": "68820a327410dbf56430c43b"
  },
  "eventId": "event212",
  "totalBudget": 120000,
  "categoryAllocations": {
    "venue": 50000,
    "catering": 30000,
    "decoration": 20000,
    "entertainment": 15000,
    "misc": 5000
  }
},
{
  "_id": {
    "$oid": "68820a327410dbf56430c43c"
  },
  "eventId": "event213",
  "totalBudget": 80000,
  "categoryAllocations": {
    "venue": 25000,
    "catering": 25000,
    "decoration": 15000,
    "entertainment": 10000,
    "misc": 5000
  }
}]