[{
  "_id": {
    "$oid": "6881a971531eb5754c0e4a7f"
  },
  "{   \"_id\": \"ObjectId\",   \"eventName\": \"Tech Fest 2025\",   \"description\": \"Annual technology festival\",   \"startDate\": \"2025-08-01\",   \"endDate\": \"2025-08-03\",   \"location\": \"Auditorium A\",   \"createdBy\": \"userId123\",   \"themeId\": \"themeId123\" }": ""
},
{
  "_id": {
    "$oid": "6881ffa15eda45f0a4ecb44f"
  },
  "eventId": "event101",
  "eventName": "Tech Innovators Summit",
  "date": "2025-08-10",
  "location": "Bangalore",
  "category": "Corporate"
},
{
  "_id": {
    "$oid": "6881ffb05eda45f0a4ecb451"
  },
  "eventId": "event102",
  "eventName": "Wedding of Arya & Karan",
  "date": "2025-09-25",
  "location": "Jaipur",
  "category": "Wedding"
},
{
  "_id": {
    "$oid": "6881ffb95eda45f0a4ecb453"
  },
  "eventId": "event103",
  "eventName": "Annual School Carnival",
  "date": "2025-11-15",
  "location": "Delhi",
  "category": "Festival"
},
{
  "_id": {
    "$oid": "6881ffc35eda45f0a4ecb455"
  },
  "eventId": "event104",
  "eventName": "Startup Expo 2025",
  "date": "2025-10-05",
  "location": "Mumbai",
  "category": "Auto Expo"
},
{
  "_id": {
    "$oid": "6881ffcd5eda45f0a4ecb457"
  },
  "eventId": "event105",
  "eventName": "Diwali Night Gala",
  "date": "2025-11-01",
  "location": "Hyderabad",
  "category": "Festival"
},
{
  "_id": {
    "$oid": "6881ffd65eda45f0a4ecb459"
  },
  "eventId": "event106",
  "eventName": "Classic Vintage Car Expo 2025",
  "date": "2025-12-03",
  "location": "Pune",
  "category": "Auto Expo"
},
{
  "_id": {
    "$oid": "6881ffe05eda45f0a4ecb45b"
  },
  "eventId": "event107",
  "eventName": "Meera's Sweet 16",
  "date": "2025-08-18",
  "location": "Chennai",
  "category": "Birthday"
},
{
  "_id": {
    "$oid": "6881fff85eda45f0a4ecb45f"
  },
  "eventId": "event109",
  "eventName": "College Fest - AAROH 2025",
  "date": "2025-10-20",
  "location": "Delhi",
  "category": "College Fest"
},
{
  "_id": {
    "$oid": "6882084d7410dbf56430c434"
  },
  "eventId": "event111",
  "eventName": "Startup Pitch Day",
  "date": "2025-09-15",
  "location": "Bangalore",
  "category": "Business"
},
{
  "_id": {
    "$oid": "6882086e7410dbf56430c435"
  },
  "eventId": "event112",
  "eventName": "Christmas Carnival",
  "date": "2025-12-24",
  "location": "Mumbai",
  "category": "Festival"
},
{
  "_id": {
    "$oid": "6882086e7410dbf56430c436"
  },
  "eventId": "event113",
  "eventName": "Alumni Meetup 2025",
  "date": "2025-11-10",
  "location": "Delhi",
  "category": "Reunion"
}]