[{
  "_id": {
    "$oid": "6880fb95531eb5754c0e49e3"
  },
  "{   \"feedback_id\": \"F001\",   \"guest_name\": \"John Doe\",   \"event_id\": \"E001\",   \"rating\": 4,   \"comments\": \"Well organized, food was great.\" }": ""
},
{
  "_id": {
    "$oid": "6880fba8531eb5754c0e49e4"
  },
  "{   \"feedback_id\": \"F002\",   \"guest_name\": \"Priya Sharma\",   \"event_id\": \"E001\",   \"rating\": 5,   \"comments\": \"Excellent event management!\" }": ""
},
{
  "_id": {
    "$oid": "688200435eda45f0a4ecb464"
  },
  "eventId": "event101",
  "guestName": "Rahul Mehta",
  "rating": 4,
  "comments": "Great arrangements and punctual schedule!"
},
{
  "_id": {
    "$oid": "6882004d5eda45f0a4ecb466"
  },
  "eventId": "event102",
  "guestName": "Simran Kaur",
  "rating": 5,
  "comments": "Absolutely loved the decorations and food!"
},
{
  "_id": {
    "$oid": "688200565eda45f0a4ecb468"
  },
  "eventId": "event103",
  "guestName": "Aditya Rao",
  "rating": 3,
  "comments": "Fun event, but sound system could be better."
},
{
  "_id": {
    "$oid": "6882005f5eda45f0a4ecb46a"
  },
  "eventId": "event104",
  "guestName": "Neha Sharma",
  "rating": 4,
  "comments": "Smooth registration and engaging stalls."
},
{
  "_id": {
    "$oid": "688200675eda45f0a4ecb46c"
  },
  "eventId": "event105",
  "guestName": "Karan Malhotra",
  "rating": 5,
  "comments": "Diwali Gala was lit! Amazing performances."
},
{
  "_id": {
    "$oid": "6882006f5eda45f0a4ecb46e"
  },
  "eventId": "event106",
  "guestName": "Ishita Banerjee",
  "rating": 2,
  "comments": "Venue was too crowded and hot."
},
{
  "_id": {
    "$oid": "688200785eda45f0a4ecb470"
  },
  "eventId": "event107",
  "guestName": "Meera Kapoor",
  "rating": 5,
  "comments": "The birthday bash was so much fun!"
},
{
  "_id": {
    "$oid": "6882007f5eda45f0a4ecb472"
  },
  "eventId": "event108",
  "guestName": "Ravi Subramanian",
  "rating": 4,
  "comments": "Well organized and professional vibe."
},
{
  "_id": {
    "$oid": "688200925eda45f0a4ecb474"
  },
  "eventId": "event109",
  "guestName": "Aarav Jain",
  "rating": 3,
  "comments": "Good event, but needed more food options."
},
{
  "_id": {
    "$oid": "6882009c5eda45f0a4ecb476"
  },
  "eventId": "event110",
  "guestName": "Tanvi Desai",
  "rating": 5,
  "comments": "Very memorable evening, great coordination!"
},
{
  "_id": {
    "$oid": "6882067f7410dbf56430c431"
  },
  "feedback_id": "F011",
  "guest_name": "Divya Kapoor",
  "event_id": "event111",
  "rating": 5,
  "comments": "The best event I’ve attended!"
},
{
  "_id": {
    "$oid": "6882069d7410dbf56430c432"
  },
  "feedback_id": "F012",
  "guest_name": "Rohit Khanna",
  "event_id": "event112",
  "rating": 3,
  "comments": "Good effort but the music was too loud."
},
{
  "_id": {
    "$oid": "6882069d7410dbf56430c433"
  },
  "feedback_id": "F013",
  "guest_name": "Pooja Verma",
  "event_id": "event113",
  "rating": 4,
  "comments": "Well managed and fun activities."
}]