[{
  "_id": {
    "$oid": "6881ab0c531eb5754c0e4a85"
  },
  "{   \"_id\": \"ObjectId\",   \"themeName\": \"Neon Nights\",   \"primaryColor\": \"#ff00ff\",   \"secondaryColor\": \"#00ffff\",   \"backgroundImage\": \"neon-theme.jpg\" }": ""
},
{
  "_id": {
    "$oid": "6881f2755eda45f0a4ecb3c9"
  },
  "name": "Elegant Blue",
  "primaryColor": "Blue",
  "secondaryColor": "Silver",
  "category": "Corporate"
},
{
  "_id": {
    "$oid": "6881f7385eda45f0a4ecb3ee"
  },
  "name": "Ocean Breeze",
  "primaryColor": "Teal",
  "secondaryColor": "White",
  "category": "Beach"
},
{
  "_id": {
    "$oid": "6881f74c5eda45f0a4ecb3f0"
  },
  "name": "Royal Elegance",
  "primaryColor": "Purple",
  "secondaryColor": "Gold",
  "category": "Luxury"
},
{
  "_id": {
    "$oid": "6881f75c5eda45f0a4ecb3f2"
  },
  "name": "Minimal Charm",
  "primaryColor": "White",
  "secondaryColor": "Gray",
  "category": "Corporate"
},
{
  "_id": {
    "$oid": "6881fba65eda45f0a4ecb419"
  },
  "name": "Nature Harmony",
  "primaryColor": "Green",
  "secondaryColor": "Brown",
  "category": "Eco-Friendly"
},
{
  "_id": {
    "$oid": "6881fc1c5eda45f0a4ecb41b"
  },
  "name": "Futuristic Neon",
  "primaryColor": "Black",
  "secondaryColor": "Neon green",
  "category": "Tech"
},
{
  "_id": {
    "$oid": "6881fc575eda45f0a4ecb41d"
  },
  "name": "Jungle Safari",
  "primaryColor": "Green",
  "secondaryColor": "Yellow",
  "category": "Kids"
},
{
  "_id": {
    "$oid": "6881fc805eda45f0a4ecb41f"
  },
  "name": "Festive Lights",
  "primaryColor": "Red",
  "secondaryColor": "Gold",
  "category": "Festival"
},
{
  "_id": {
    "$oid": "6881fc9a5eda45f0a4ecb421"
  },
  "name": "Minimal Charm",
  "primaryColor": "White",
  "secondaryColor": "Grey",
  "category": "Formal"
},
{
  "_id": {
    "$oid": "6881fcc65eda45f0a4ecb423"
  },
  "name": "Vintage Garden",
  "primaryColor": "Lavender",
  "secondaryColor": "Cream",
  "category": "Outdoor"
}]