[{
  "_id": {
    "$oid": "688200e75eda45f0a4ecb47b"
  },
  "event_id": "64b1f0fa13a9c927d01e1002",
  "name": "Arjun Mehta",
  "email": "arjun.mehta@example.com",
  "phone": "+91-9123456780",
  "rsvp_status": "Accepted",
  "guest_type": "Regular",
  "check_in_status": true,
  "qr_code": "QR-1003",
  "invited_by": "Admin",
  "note": "Requires wheelchair access",
  "created_at": "2025-07-19T09:15:00Z",
  "updated_at": "2025-07-21T08:45:00Z"
},
{
  "_id": {
    "$oid": "688200e75eda45f0a4ecb47c"
  },
  "event_id": "64b1f0fa13a9c927d01e1003",
  "name": "Meera Shah",
  "email": "meera.shah@example.com",
  "phone": "+91-9876501234",
  "rsvp_status": "Declined",
  "guest_type": "VIP",
  "check_in_status": false,
  "qr_code": "QR-1004",
  "invited_by": "Coordinator",
  "note": "Will provide update later",
  "created_at": "2025-07-18T14:00:00Z",
  "updated_at": "2025-07-19T12:30:00Z"
},
{
  "_id": {
    "$oid": "688200e75eda45f0a4ecb47d"
  },
  "event_id": "64b1f0fa13a9c927d01e1001",
  "name": "Karan Singh",
  "email": "karan.singh@example.com",
  "phone": "+91-9112233445",
  "rsvp_status": "Accepted",
  "guest_type": "Regular",
  "check_in_status": true,
  "qr_code": "QR-1005",
  "invited_by": "Admin",
  "note": "",
  "created_at": "2025-07-18T17:00:00Z",
  "updated_at": "2025-07-20T09:30:00Z"
},
{
  "_id": {
    "$oid": "688200e75eda45f0a4ecb47e"
  },
  "event_id": "64b1f0fa13a9c927d01e1003",
  "name": "Divya Patel",
  "email": "divya.patel@example.com",
  "phone": "+91-9234567890",
  "rsvp_status": "Invited",
  "guest_type": "Regular",
  "check_in_status": false,
  "qr_code": "QR-1006",
  "invited_by": "Admin",
  "note": "Vegetarian meal requested",
  "created_at": "2025-07-19T10:45:00Z",
  "updated_at": "2025-07-20T08:00:00Z"
},
{
  "_id": {
    "$oid": "688200e75eda45f0a4ecb47f"
  },
  "event_id": "64b1f0fa13a9c927d01e1002",
  "name": "Rohit Verma",
  "email": "rohit.verma@example.com",
  "phone": "+91-9988771122",
  "rsvp_status": "Accepted",
  "guest_type": "VIP",
  "check_in_status": true,
  "qr_code": "QR-1007",
  "invited_by": "Coordinator",
  "note": "",
  "created_at": "2025-07-19T08:00:00Z",
  "updated_at": "2025-07-21T10:00:00Z"
},
{
  "_id": {
    "$oid": "688200e75eda45f0a4ecb480"
  },
  "event_id": "64b1f0fa13a9c927d01e1001",
  "name": "Snehal Joshi",
  "email": "snehal.joshi@example.com",
  "phone": "+91-9456123789",
  "rsvp_status": "Accepted",
  "guest_type": "Regular",
  "check_in_status": false,
  "qr_code": "QR-1008",
  "invited_by": "Admin",
  "note": "Late arrival expected",
  "created_at": "2025-07-18T12:30:00Z",
  "updated_at": "2025-07-20T07:00:00Z"
},
{
  "_id": {
    "$oid": "688200e75eda45f0a4ecb481"
  },
  "event_id": "64b1f0fa13a9c927d01e1003",
  "name": "Anil Gupta",
  "email": "anil.gupta@example.com",
  "phone": "+91-9876412233",
  "rsvp_status": "Invited",
  "guest_type": "Regular",
  "check_in_status": false,
  "qr_code": "QR-1009",
  "invited_by": "Coordinator",
  "note": "",
  "created_at": "2025-07-19T13:45:00Z",
  "updated_at": "2025-07-20T09:00:00Z"
},
{
  "_id": {
    "$oid": "688200e75eda45f0a4ecb482"
  },
  "event_id": "64b1f0fa13d2e7abc011",
  "name": "Pooja Nair",
  "email": "pooja.nair@example.com",
  "phone": "+91-9123458765",
  "rsvp_status": "Accepted",
  "guest_type": "VIP",
  "check_in_status": true,
  "qr_code": "QR-1010",
  "invited_by": "Admin",
  "note": "Requires special seating",
  "created_at": "2025-07-18T15:00:00Z",
  "updated_at": "2025-07-21T09:00:00Z"
},
{
  "_id": {
    "$oid": "688201445eda45f0a4ecb484"
  },
  "event_id": "64b1f0fa13a9c927d01e1004",
  "name": "Neha Jain",
  "email": "neha.jain@example.com",
  "phone": "+91-9001122334",
  "rsvp_status": "Accepted",
  "guest_type": "Regular",
  "check_in_status": true,
  "qr_code": "QR-1011",
  "invited_by": "Admin",
  "note": "",
  "created_at": {
    "$date": "2025-07-18T11:00:00.000Z"
  },
  "updated_at": {
    "$date": "2025-07-20T10:30:00.000Z"
  }
},
{
  "_id": {
    "$oid": "688201445eda45f0a4ecb485"
  },
  "event_id": "64b1f0fa13a9c927d01e1005",
  "name": "Ajay Menon",
  "email": "ajay.menon@example.com",
  "phone": "+91-9011223344",
  "rsvp_status": "Declined",
  "guest_type": "VIP",
  "check_in_status": false,
  "qr_code": "QR-1012",
  "invited_by": "Coordinator",
  "note": "Travel conflict",
  "created_at": {
    "$date": "2025-07-18T14:45:00.000Z"
  },
  "updated_at": {
    "$date": "2025-07-20T12:00:00.000Z"
  }
},
{
  "_id": {
    "$oid": "688204897410dbf56430c430"
  },
  "event_id": {
    "$oid": "64a1b2c3d4e5f67890123456"
  },
  "name": "John Doe",
  "email": "john.doe@example.com",
  "phone": "+91-9123456789",
  "rsvp_status": "Invited",
  "guest_type": "VIP",
  "check_in_status": false,
  "qr_code": "QR-1050",
  "invited_by": "Admin"
}]